id,revenue
3001,28271690.0
3002,3049593.2
3003,3458276.0
3004,1792163.0
3005,146638.28
3006,2505024.5
3007,3215929.5
3008,306897.56
3009,216973.62
3010,13392811.0
3011,2133161.8
3012,143352.48
3013,9966674.0
3014,4257368.5
3015,8005728.5
3016,1827982.6
3017,21106574.0
3018,250583.61
3019,3818774.2
3020,8014674.0
3021,4958044.0
3022,3137504.5
3023,261691.4
3024,316557.75
3025,194402.92
3026,308765.56
3027,8696097.0
3028,5299983.0
3029,6689272.5
3030,4450418.5
3031,3109447.5
3032,131946.86
3033,4638506.0
3034,115886.55
3035,5473054.0
3036,3570695.2
3037,3526249.0
3038,4311256.0
3039,193227.9
3040,2213891.5
3041,317395.72
3042,2652121.0
3043,16758282.0
3044,1972613.1
3045,18044630.0
3046,2383148.0
3047,7919744.0
3048,4654804.5
3049,2140928.8
3050,15014121.0
3051,2096094.4
3052,3872306.5
3053,161494.47
3054,109083.836
3055,4445290.0
3056,143459.16
3057,329838.94
3058,15224751.0
3059,94535.414
3060,8541264.0
3061,23342580.0
3062,3977457.8
3063,201582.27
3064,3339238.2
3065,4095571.8
3066,3350776.8
3067,3089024.0
3068,1444362.0
3069,6618146.5
3070,3315702.0
3071,3172984.0
3072,595781.7
3073,3215767.0
3074,144432.05
3075,1923814.5
3076,15390207.0
3077,1680950.1
3078,10566474.0
3079,300405.3
3080,15315330.0
3081,3518013.0
3082,3434113.5
3083,4428293.0
3084,2784097.5
3085,13684966.0
3086,8519226.0
3087,2743821.2
3088,2333448.0
3089,2433201.0
3090,293534.28
3091,4543027.5
3092,215207.52
3093,7303654.0
3094,275726.22
3095,4345326.5
3096,158731.78
3097,25255816.0
3098,1312038.5
3099,4302860.0
3100,3280224.5
3101,2967485.5
3102,3382630.2
3103,169352.31
3104,168813.25
3105,330566.34
3106,2674656.0
3107,5014818.0
3108,5486421.5
3109,5741879.0
3110,9536004.0
3111,3606465.0
3112,2399625.2
3113,5745549.0
3114,2475249.8
3115,7878177.0
3116,3496826.2
3117,152044.67
3118,272664.16
3119,347384.1
3120,1863220.5
3121,9205842.0
3122,4587991.0
3123,1436509.9
3124,3339910.2
3125,2174718.2
3126,6589058.0
3127,227881.84
3128,4263752.0
3129,14338712.0
3130,2673656.2
3131,2888599.5
3132,2178568.8
3133,122076.914
3134,5248367.0
3135,10958240.0
3136,2800535.8
3137,471368.44
3138,2018325.6
3139,166875.64
3140,29734682.0
3141,3337398.0
3142,156065.19
3143,2533542.8
3144,3895660.5
3145,4217937.5
3146,166714.03
3147,246113.06
3148,3893172.0
3149,3254520.8
3150,15616922.0
3151,194865.12
3152,197228.72
3153,230288.97
3154,2380567.5
3155,181000.1
3156,16655007.0
3157,2828183.2
3158,1190767.5
3159,4923402.5
3160,4949228.5
3161,1870416.8
3162,227369.53
3163,7240088.0
3164,3078968.2
3165,4036696.8
3166,176661.42
3167,395552.56
3168,2680171.2
3169,3965243.2
3170,1828816.1
3171,193908.55
3172,205452.69
3173,1492684.4
3174,1873373.0
3175,13675781.0
3176,11980031.0
3177,20011680.0
3178,153040.75
3179,3339101.5
3180,3607469.5
3181,3307017.5
3182,357372.3
3183,2083345.8
3184,12199178.0
3185,8814259.0
3186,16721979.0
3187,2742141.8
3188,1930386.5
3189,7574887.5
3190,2401058.2
3191,2942343.5
3192,21748756.0
3193,3173795.0
3194,390226.06
3195,1730275.0
3196,236316.94
3197,2585898.5
3198,19631396.0
3199,17978738.0
3200,3299545.0
3201,14975282.0
3202,2318501.8
3203,3729533.5
3204,4518907.5
3205,2461389.8
3206,4503784.5
3207,242192.3
3208,3400484.2
3209,162006.44
3210,32272998.0
3211,3420125.0
3212,2936428.5
3213,318998.88
3214,2220154.2
3215,2403940.5
3216,4395080.5
3217,29354650.0
3218,14530967.0
3219,199074.78
3220,2781576.0
3221,2582625.5
3222,190398.62
3223,3082367.5
3224,2906583.5
3225,144943.84
3226,241907.22
3227,8993755.0
3228,16921770.0
3229,6579676.5
3230,18022754.0
3231,5090711.0
3232,2493971.2
3233,298008.12
3234,232044.69
3235,4449052.0
3236,168242.53
3237,4315196.5
3238,214507.77
3239,4138557.0
3240,17226618.0
3241,158294.0
3242,5345699.5
3243,206690.4
3244,142510.36
3245,232422.98
3246,6631673.5
3247,3704902.8
3248,6085629.5
3249,4696949.0
3250,8562624.0
3251,3916185.0
3252,4785967.0
3253,13128336.0
3254,189814.83
3255,517821.47
3256,3354117.8
3257,4962556.5
3258,3029115.0
3259,213926.75
3260,1037283.25
3261,2458180.5
3262,18600072.0
3263,2503680.0
3264,1967803.0
3265,167843.66
3266,2359999.5
3267,4049594.5
3268,656726.4
3269,14024093.0
3270,201043.16
3271,3614060.5
3272,4282146.5
3273,1961084.9
3274,30708302.0
3275,5722904.0
3276,221536.2
3277,2272753.8
3278,7141054.0
3279,204891.33
3280,10319241.0
3281,170512.34
3282,4036477.2
3283,10032589.0
3284,2888321.2
3285,5938757.0
3286,2911763.2
3287,3196376.0
3288,158758.6
3289,3836599.0
3290,4719462.0
3291,3166062.0
3292,17084834.0
3293,3951577.8
3294,169738.12
3295,4919976.0
3296,152003.06
3297,4711785.5
3298,5001440.5
3299,1749744.5
3300,2404472.5
3301,2737744.0
3302,1391039.0
3303,125371.81
3304,206007.55
3305,3289528.5
3306,4310602.5
3307,6719733.0
3308,8529054.0
3309,2790431.8
3310,2646595.5
3311,21961936.0
3312,13775761.0
3313,3546853.0
3314,218151.92
3315,13053355.0
3316,4248818.5
3317,3203074.0
3318,5022112.0
3319,5051914.0
3320,3358333.0
3321,233895.66
3322,10164935.0
3323,6919473.0
3324,3312073.8
3325,5172037.5
3326,27647766.0
3327,25347122.0
3328,11432058.0
3329,4017689.5
3330,7729041.5
3331,148999.52
3332,3893669.5
3333,22250292.0
3334,255853.44
3335,327762.78
3336,4535452.0
3337,1705696.1
3338,314772.28
3339,3092048.0
3340,3223612.2
3341,144858.72
3342,16950392.0
3343,283961.3
3344,150283.19
3345,16428319.0
3346,279610.88
3347,3038871.8
3348,400722.8
3349,2304560.8
3350,5703871.5
3351,4592373.0
3352,2806372.2
3353,214772.84
3354,3802899.8
3355,5492761.5
3356,155003.0
3357,2925906.8
3358,4371412.5
3359,11205277.0
3360,4037178.0
3361,387897.06
3362,1236473.6
3363,1839065.1
3364,3243660.2
3365,3691060.5
3366,1162708.6
3367,5727184.0
3368,193149.44
3369,280778.06
3370,11474744.0
3371,241958.44
3372,5826702.0
3373,6033441.0
3374,4050297.5
3375,1840151.0
3376,3657680.2
3377,13614204.0
3378,2933481.2
3379,10766970.0
3380,326376.0
3381,5015244.0
3382,3286694.0
3383,2621335.5
3384,1745669.4
3385,6133634.5
3386,2596742.5
3387,293441.1
3388,5021724.0
3389,32923088.0
3390,5839753.0
3391,3831217.0
3392,2787444.8
3393,242673.9
3394,6533050.5
3395,23632740.0
3396,200477.78
3397,176230.64
3398,423492.75
3399,5613262.0
3400,8657189.0
3401,13273389.0
3402,2267039.0
3403,227590.38
3404,246850.45
3405,242298.34
3406,13943730.0
3407,10040284.0
3408,2958186.5
3409,2893076.8
3410,1691647.8
3411,7102063.5
3412,4395902.0
3413,7540299.0
3414,1247775.6
3415,3487015.5
3416,17552784.0
3417,425824.7
3418,223035.17
3419,17469386.0
3420,1870894.8
3421,4252268.0
3422,2193171.5
3423,5708562.5
3424,4499693.0
3425,3688477.8
3426,191626.77
3427,3605237.5
3428,178455.16
3429,2606465.8
3430,11948220.0
3431,2720563.5
3432,2823313.5
3433,3920646.8
3434,9813146.0
3435,27035138.0
3436,345741.47
3437,135239.86
3438,17088582.0
3439,3132126.0
3440,3406888.8
3441,3433589.5
3442,185893.14
3443,214237.1
3444,176624.03
3445,17608314.0
3446,161002.67
3447,3674966.8
3448,3890867.0
3449,2935034.2
3450,20735992.0
3451,2818455.0
3452,270614.0
3453,288110.84
3454,5132101.5
3455,363798.97
3456,258698.34
3457,5653690.0
3458,1201506.2
3459,30986716.0
3460,2527615.5
3461,230959.58
3462,3134902.5
3463,4508185.0
3464,138709.34
3465,3215123.0
3466,245364.06
3467,2907845.0
3468,15043302.0
3469,3620145.5
3470,401723.38
3471,13313120.0
3472,2688968.0
3473,5279290.0
3474,11478093.0
3475,7913749.5
3476,250489.48
3477,5174973.0
3478,5128080.0
3479,19437352.0
3480,196807.64
3481,198011.4
3482,2844233.5
3483,3074625.5
3484,2511713.0
3485,332670.72
3486,10519158.0
3487,24418900.0
3488,18674688.0
3489,4739090.5
3490,2247861.2
3491,1604738.8
3492,3644880.0
3493,1965306.8
3494,2046616.9
3495,2855550.8
3496,4004324.2
3497,2842487.2
3498,19886382.0
3499,1800835.5
3500,3990417.2
3501,298572.22
3502,5082052.5
3503,262341.34
3504,3493169.8
3505,130250.15
3506,6369959.0
3507,27365404.0
3508,3428347.8
3509,7050693.5
3510,3822884.5
3511,2737412.5
3512,7477825.0
3513,388237.56
3514,2716708.2
3515,1332965.8
3516,3716733.5
3517,17802796.0
3518,3616915.5
3519,4629451.0
3520,3389780.0
3521,3298267.8
3522,298524.97
3523,3741203.5
3524,5095087.5
3525,587613.2
3526,3113590.0
3527,4587772.0
3528,4479240.5
3529,13428289.0
3530,3300873.2
3531,4648776.0
3532,223587.81
3533,5010922.0
3534,3376574.0
3535,5280398.0
3536,2725503.0
3537,4220959.5
3538,15238289.0
3539,6786557.0
3540,648054.1
3541,15200668.0
3542,12152638.0
3543,5109100.5
3544,15761878.0
3545,2628419.8
3546,2794349.0
3547,5083875.5
3548,5516716.0
3549,2609246.5
3550,252417.5
3551,3489530.5
3552,10473432.0
3553,17817132.0
3554,425233.8
3555,18642302.0
3556,240974.67
3557,225064.39
3558,17053124.0
3559,3913232.0
3560,1865761.5
3561,379481.34
3562,278440.03
3563,15042384.0
3564,2768624.0
3565,146834.89
3566,2521947.5
3567,3496112.5
3568,14674238.0
3569,4249296.5
3570,2171727.5
3571,2786344.5
3572,8706403.0
3573,4491855.5
3574,6202563.0
3575,3481572.8
3576,213090.5
3577,15578365.0
3578,215023.28
3579,3943784.5
3580,302179.3
3581,185684.95
3582,2225057.0
3583,3479216.0
3584,12136424.0
3585,210167.69
3586,2252204.2
3587,4349219.5
3588,3389508.5
3589,2230404.2
3590,5630606.5
3591,3955676.2
3592,177753.5
3593,2105016.8
3594,4677615.5
3595,1392205.5
3596,189433.44
3597,2298724.2
3598,3637816.5
3599,4913805.0
3600,3018457.0
3601,3715975.0
3602,2252545.8
3603,3355496.5
3604,2330525.8
3605,16071895.0
3606,2256891.5
3607,275160.12
3608,3667936.0
3609,8519437.0
3610,217961.23
3611,5380879.0
3612,3529465.5
3613,1979878.6
3614,29039342.0
3615,3963897.2
3616,1389747.4
3617,216484.6
3618,28049430.0
3619,1974871.9
3620,3055704.0
3621,5323432.0
3622,2363668.8
3623,5576972.5
3624,4030764.8
3625,5965129.0
3626,3936994.2
3627,1793859.2
3628,22374646.0
3629,2911885.5
3630,152497.17
3631,4795287.0
3632,2635855.0
3633,6564383.5
3634,2629029.0
3635,246642.2
3636,3968462.8
3637,160409.55
3638,12637612.0
3639,2755522.0
3640,544933.44
3641,2730086.5
3642,3938060.5
3643,4319841.0
3644,2300884.5
3645,330524.12
3646,3197370.0
3647,3397324.0
3648,2065219.6
3649,160507.48
3650,3289146.0
3651,29545408.0
3652,15051051.0
3653,3476562.5
3654,608064.56
3655,2095043.1
3656,3505373.8
3657,3024363.8
3658,275184.28
3659,19241740.0
3660,19292528.0
3661,3121864.5
3662,3403092.5
3663,27594188.0
3664,174696.52
3665,211441.88
3666,247334.72
3667,16415070.0
3668,212609.81
3669,2420430.0
3670,1063376.5
3671,12689954.0
3672,3435358.2
3673,3410253.0
3674,2985140.5
3675,9625087.0
3676,14935832.0
3677,14553351.0
3678,7197687.0
3679,246961.6
3680,1473951.0
3681,4489393.0
3682,5716849.0
3683,188903.03
3684,4898879.0
3685,8701514.0
3686,5108204.0
3687,6849602.0
3688,314218.9
3689,199165.73
3690,19695830.0
3691,162597.25
3692,2434705.0
3693,5750291.0
3694,18111352.0
3695,232318.83
3696,312770.38
3697,207983.19
3698,4497754.0
3699,2818955.0
3700,33043624.0
3701,6055542.0
3702,2950379.5
3703,4618329.5
3704,3734722.8
3705,5162763.0
3706,8916347.0
3707,1323810.2
3708,1763005.5
3709,14145196.0
3710,4176031.0
3711,189864.44
3712,233423.25
3713,3303380.0
3714,3546186.8
3715,3642947.8
3716,4001056.5
3717,190324.72
3718,18094190.0
3719,216791.19
3720,488856.75
3721,139129.98
3722,2512359.8
3723,133739.11
3724,3451567.8
3725,16698808.0
3726,3643733.0
3727,260924.34
3728,16913510.0
3729,3272893.8
3730,23931804.0
3731,353613.9
3732,2603268.8
3733,2776890.0
3734,8812493.0
3735,17906596.0
3736,3645387.5
3737,3603381.2
3738,1913523.8
3739,3673789.5
3740,4928001.5
3741,240585.92
3742,254411.08
3743,10675582.0
3744,11773934.0
3745,5087629.5
3746,13977307.0
3747,1325567.5
3748,2516904.2
3749,201828.88
3750,2178122.0
3751,7169598.5
3752,2917848.0
3753,196921.42
3754,4402883.5
3755,4689894.5
3756,105689.04
3757,3207249.5
3758,6203279.0
3759,187496.44
3760,4883872.5
3761,2922440.5
3762,15866544.0
3763,2777777.5
3764,5113263.5
3765,198078.45
3766,4514806.5
3767,12784508.0
3768,2356810.2
3769,254811.72
3770,3023072.0
3771,4256820.5
3772,4458239.0
3773,221867.52
3774,225429.14
3775,320763.66
3776,201805.19
3777,2858602.5
3778,3241480.0
3779,4273925.5
3780,157413.62
3781,3692535.8
3782,2622203.0
3783,3558942.5
3784,1981325.5
3785,3833925.2
3786,2981197.5
3787,6557069.0
3788,16268108.0
3789,328839.2
3790,3371261.8
3791,1928678.9
3792,3292799.2
3793,2878759.8
3794,2441268.5
3795,7313377.0
3796,9478412.0
3797,247654.77
3798,1340320.9
3799,200944.06
3800,5378170.5
3801,4441535.5
3802,2111758.8
3803,20458870.0
3804,4002709.2
3805,2928142.8
3806,15061131.0
3807,2193012.5
3808,149107.97
3809,304410.53
3810,4150335.2
3811,5513492.0
3812,239011.16
3813,3574241.8
3814,2338469.5
3815,4891699.0
3816,14201318.0
3817,21822096.0
3818,2520447.2
3819,228634.6
3820,3489494.0
3821,5311246.0
3822,2184510.5
3823,6229738.0
3824,1719867.8
3825,5876480.0
3826,2607821.0
3827,3673229.0
3828,3158950.5
3829,2307833.5
3830,4031833.5
3831,1588134.8
3832,10090353.0
3833,9243335.0
3834,2749141.0
3835,3578693.0
3836,179320.28
3837,247901.7
3838,5451898.5
3839,266561.84
3840,4025997.2
3841,2554938.5
3842,260024.12
3843,154256.67
3844,3627430.5
3845,1252078.8
3846,2439502.2
3847,3678297.8
3848,4178274.0
3849,3698788.2
3850,159112.97
3851,9658355.0
3852,3189312.0
3853,1998288.2
3854,127959.47
3855,3229880.5
3856,262918.4
3857,6022978.0
3858,4326825.5
3859,3504117.0
3860,4382888.0
3861,3098329.5
3862,3755072.8
3863,209204.62
3864,232540.48
3865,336991.06
3866,5238036.5
3867,1515207.9
3868,178619.47
3869,5623480.0
3870,6450051.5
3871,8695798.0
3872,1637744.6
3873,203759.97
3874,4683798.0
3875,3841651.5
3876,3461067.5
3877,334167.1
3878,14964489.0
3879,4128182.0
3880,3492636.8
3881,1630939.6
3882,12355674.0
3883,14446487.0
3884,26628894.0
3885,197394.3
3886,291009.8
3887,183337.97
3888,2721300.5
3889,3863324.5
3890,3185822.0
3891,316877.0
3892,2879789.5
3893,2895180.0
3894,4372471.5
3895,4314719.5
3896,273706.03
3897,11325798.0
3898,3867763.0
3899,681337.94
3900,4406534.0
3901,8463859.0
3902,182160.5
3903,4983272.0
3904,159282.86
3905,4763741.0
3906,17639878.0
3907,4042776.0
3908,14167148.0
3909,2782388.0
3910,203852.28
3911,135751.45
3912,3375778.8
3913,6339657.0
3914,10539160.0
3915,22459432.0
3916,168358.1
3917,3047907.0
3918,260505.64
3919,2126945.8
3920,2269286.2
3921,145875.17
3922,3617105.0
3923,239864.95
3924,6324005.0
3925,1272848.2
3926,3163816.5
3927,6024770.5
3928,6810657.0
3929,3063214.0
3930,7135547.0
3931,3230247.2
3932,1416411.9
3933,4361859.5
3934,9680338.0
3935,3472407.5
3936,228231.36
3937,416271.56
3938,2135877.2
3939,6865369.5
3940,7813134.5
3941,2937291.2
3942,22423606.0
3943,23029744.0
3944,256688.8
3945,4564224.0
3946,4995967.5
3947,14733217.0
3948,201631.48
3949,4249754.5
3950,3571822.5
3951,5526205.0
3952,19832594.0
3953,432734.25
3954,30781956.0
3955,218809.3
3956,3779035.0
3957,199849.17
3958,1807228.8
3959,3778166.5
3960,191280.6
3961,259378.44
3962,4924572.0
3963,3280887.8
3964,22649922.0
3965,3815199.8
3966,3389463.2
3967,619446.44
3968,6347824.5
3969,4261735.5
3970,7381260.0
3971,3402395.0
3972,3500903.8
3973,6709807.0
3974,9654634.0
3975,21066112.0
3976,3569847.5
3977,6797439.0
3978,20511462.0
3979,4811499.0
3980,146160.1
3981,5206595.5
3982,1547762.0
3983,5084869.5
3984,4189366.0
3985,4185807.8
3986,4068322.0
3987,5744607.0
3988,186308.27
3989,3526091.0
3990,4395650.5
3991,191286.78
3992,301595.44
3993,4137025.8
3994,3807672.0
3995,1518288.9
3996,14413734.0
3997,3515879.8
3998,15981291.0
3999,4309595.5
4000,328827.28
4001,2335661.0
4002,16921932.0
4003,2143864.8
4004,358572.62
4005,1323764.9
4006,5123939.0
4007,1899038.2
4008,194005.66
4009,2750785.2
4010,1930911.2
4011,3899132.0
4012,402723.4
4013,14355734.0
4014,2225356.2
4015,177237.2
4016,3777835.0
4017,4227473.5
4018,6162211.0
4019,7709834.5
4020,2292727.5
4021,370763.47
4022,7004483.0
4023,456281.12
4024,2107206.0
4025,2394678.0
4026,1818216.6
4027,4136189.5
4028,184327.45
4029,982981.44
4030,6953660.0
4031,3994640.0
4032,2216695.0
4033,2507871.5
4034,159519.84
4035,215943.53
4036,4370095.5
4037,1470665.5
4038,4351895.5
4039,8616747.0
4040,177897.64
4041,2879468.0
4042,4313847.0
4043,3168182.5
4044,240085.11
4045,2720076.0
4046,3420154.5
4047,3232179.2
4048,2752525.0
4049,2196003.2
4050,4313526.0
4051,34559216.0
4052,193798.55
4053,13754128.0
4054,115985.06
4055,3941979.8
4056,221891.42
4057,1065120.2
4058,2788152.0
4059,214248.94
4060,4206962.0
4061,18093948.0
4062,262400.88
4063,2486993.2
4064,30348918.0
4065,338074.56
4066,5987191.0
4067,3138297.5
4068,2215942.8
4069,299082.34
4070,7882453.0
4071,4770346.5
4072,266085.88
4073,16422366.0
4074,1840298.5
4075,164693.66
4076,1664585.9
4077,350707.2
4078,3938935.8
4079,255532.3
4080,5874407.0
4081,5584035.0
4082,8857664.0
4083,1908031.5
4084,3383827.2
4085,1703621.8
4086,1506450.5
4087,290079.1
4088,5758973.0
4089,186608.08
4090,190959.06
4091,3021409.0
4092,14583055.0
4093,191431.31
4094,7962692.5
4095,9331855.0
4096,3688572.8
4097,17128196.0
4098,3215687.2
4099,3110373.0
4100,3175315.0
4101,197545.16
4102,154239.61
4103,5155963.0
4104,2876504.0
4105,2833028.8
4106,152960.8
4107,2893824.5
4108,4331264.0
4109,3055855.5
4110,4028109.5
4111,200020.39
4112,2347995.8
4113,3798028.5
4114,5955040.0
4115,6299927.0
4116,14836626.0
4117,5277105.5
4118,7985255.0
4119,6234291.0
4120,3548832.5
4121,2271297.8
4122,3976361.5
4123,11876604.0
4124,4172329.0
4125,4774037.5
4126,5791728.0
4127,5309869.0
4128,13847310.0
4129,6813301.0
4130,2296563.8
4131,293010.16
4132,4477536.5
4133,7900673.5
4134,3183890.2
4135,285807.97
4136,17728588.0
4137,353254.25
4138,4212394.0
4139,182386.83
4140,983637.9
4141,13326560.0
4142,3351748.2
4143,20914100.0
4144,1634497.5
4145,194731.72
4146,9879648.0
4147,218149.22
4148,257157.77
4149,3337446.0
4150,1650669.9
4151,1518947.8
4152,5962069.0
4153,2998428.0
4154,2386131.8
4155,2375677.8
4156,2693020.2
4157,1814291.8
4158,2173254.5
4159,29199856.0
4160,20021720.0
4161,4180179.0
4162,241781.28
4163,18606494.0
4164,3293163.5
4165,4279231.5
4166,4100629.0
4167,1805695.5
4168,2477796.0
4169,9480383.0
4170,12187736.0
4171,271062.4
4172,3820428.0
4173,141700.2
4174,227413.12
4175,159245.03
4176,270852.56
4177,2102950.0
4178,19678180.0
4179,202957.83
4180,369143.34
4181,3634044.0
4182,3217313.0
4183,21199006.0
4184,3515487.5
4185,3003109.8
4186,198935.28
4187,313706.6
4188,2181450.2
4189,134327.75
4190,1297736.2
4191,888535.0
4192,2626550.5
4193,8574971.0
4194,3720726.8
4195,312634.1
4196,6051397.0
4197,4698803.5
4198,1738893.5
4199,236848.52
4200,1737375.1
4201,4315003.5
4202,4119463.0
4203,191914.27
4204,6630535.0
4205,1738119.2
4206,2194288.5
4207,5329517.5
4208,6919829.0
4209,2803015.5
4210,5371445.5
4211,18526956.0
4212,5591900.5
4213,1912640.8
4214,317017.25
4215,149114.52
4216,118195.555
4217,147353.8
4218,27676522.0
4219,3690772.0
4220,3924436.2
4221,2841777.2
4222,145208.1
4223,8396487.0
4224,3563979.5
4225,4693644.5
4226,1810459.8
4227,16789540.0
4228,1422108.9
4229,4620462.0
4230,5467430.0
4231,5361332.5
4232,4996172.5
4233,3272500.5
4234,2879797.5
4235,2333846.5
4236,2214882.0
4237,7196540.5
4238,6872674.0
4239,9067977.0
4240,2845899.5
4241,3217076.8
4242,9517107.0
4243,2820985.5
4244,6371520.5
4245,3526471.0
4246,1997629.0
4247,3927532.8
4248,3293367.5
4249,7210287.0
4250,6303743.5
4251,10907818.0
4252,6694620.5
4253,356330.94
4254,238679.97
4255,192899.62
4256,406108.12
4257,5639662.0
4258,1442699.0
4259,132923.28
4260,13557688.0
4261,2701558.0
4262,274224.66
4263,5517737.0
4264,27294198.0
4265,8601139.0
4266,286150.5
4267,4304494.0
4268,6487788.5
4269,5436385.0
4270,3986545.2
4271,9485303.0
4272,1029560.56
4273,16689382.0
4274,5988293.0
4275,3654416.8
4276,1873878.6
4277,25986746.0
4278,205112.44
4279,2059009.2
4280,1439925.1
4281,188163.88
4282,17811084.0
4283,1805352.9
4284,1803250.1
4285,1006699.2
4286,17238844.0
4287,3911750.5
4288,1929302.5
4289,4572628.5
4290,218798.03
4291,3207154.8
4292,2354646.8
4293,10720105.0
4294,9735127.0
4295,4913111.5
4296,3843619.5
4297,20458676.0
4298,3527601.2
4299,277336.75
4300,231082.28
4301,3500683.5
4302,252661.23
4303,8596990.0
4304,2384505.2
4305,243009.94
4306,3426399.8
4307,3630625.0
4308,138948.33
4309,4628727.0
4310,4178297.8
4311,164903.62
4312,6147959.0
4313,22575394.0
4314,4620810.0
4315,9683090.0
4316,21640508.0
4317,2306025.0
4318,2248080.0
4319,3589055.8
4320,4367495.5
4321,6815270.0
4322,13226812.0
4323,174371.28
4324,212281.8
4325,179175.66
4326,330151.44
4327,242771.58
4328,3867080.8
4329,129245.03
4330,413376.9
4331,283635.16
4332,221302.44
4333,4268235.0
4334,306746.6
4335,27542972.0
4336,3920994.5
4337,205265.08
4338,3407623.0
4339,3666215.5
4340,3221965.0
4341,3283723.8
4342,12666232.0
4343,260140.69
4344,2024533.1
4345,1548238.9
4346,4136363.0
4347,409423.28
4348,3040808.2
4349,15679420.0
4350,4111656.2
4351,227724.78
4352,3176238.8
4353,4311696.0
4354,4025267.8
4355,165152.12
4356,5084311.5
4357,1074701.2
4358,169404.34
4359,984883.44
4360,3023850.5
4361,245679.94
4362,137097.9
4363,15591831.0
4364,167240.31
4365,2758703.5
4366,1796108.5
4367,4868057.5
4368,2679248.5
4369,4430109.5
4370,12001690.0
4371,5859378.5
4372,206127.23
4373,234948.86
4374,4669811.0
4375,3573113.8
4376,2219108.5
4377,235288.56
4378,14220860.0
4379,3412182.2
4380,3371779.5
4381,2936243.8
4382,20853792.0
4383,4142047.5
4384,24071936.0
4385,1857358.9
4386,16961226.0
4387,18994042.0
4388,11409272.0
4389,3764298.2
4390,4901010.0
4391,2356657.5
4392,555571.6
4393,21035156.0
4394,4022201.8
4395,5946277.5
4396,249609.53
4397,4282849.0
4398,7230662.5
4399,5302015.5
4400,3420402.2
4401,6375271.0
4402,2352655.8
4403,174117.53
4404,4762437.0
4405,2052181.2
4406,4827862.0
4407,145845.4
4408,3825116.5
4409,11410818.0
4410,202072.69
4411,5529747.5
4412,4434937.0
4413,16947514.0
4414,279656.75
4415,3479899.5
4416,155512.34
4417,2359248.0
4418,2250167.0
4419,4249304.5
4420,15156864.0
4421,2480413.0
4422,236208.56
4423,3514153.5
4424,3254284.8
4425,119781.15
4426,7780670.0
4427,28901642.0
4428,2933828.0
4429,4288505.5
4430,2164864.2
4431,2623791.5
4432,5412717.0
4433,31449242.0
4434,13391790.0
4435,1870095.6
4436,15319654.0
4437,241086.16
4438,248380.44
4439,3358871.2
4440,3059421.8
4441,230084.81
4442,1533005.8
4443,2143801.5
4444,9677145.0
4445,283569.72
4446,4001457.2
4447,1819906.4
4448,3830939.2
4449,3239113.0
4450,511600.28
4451,18374892.0
4452,4106417.0
4453,3764908.5
4454,196946.78
4455,12008284.0
4456,5752221.5
4457,8446990.0
4458,2706150.5
4459,4905574.0
4460,10252283.0
4461,4189609.8
4462,376374.2
4463,2930682.0
4464,2090355.1
4465,2885557.0
4466,1742283.1
4467,4126749.0
4468,2557503.0
4469,2665560.0
4470,3289509.8
4471,2160372.2
4472,3140312.5
4473,5124306.0
4474,2125818.2
4475,2130163.2
4476,1914520.4
4477,3942517.2
4478,18160160.0
4479,3525956.5
4480,227724.56
4481,5352857.0
4482,2211220.2
4483,2366267.0
4484,8992194.0
4485,2233614.2
4486,16272080.0
4487,3920474.8
4488,398422.3
4489,305435.9
4490,181529.08
4491,308012.94
4492,2567140.8
4493,2486630.2
4494,3302472.8
4495,2483594.5
4496,23889800.0
4497,6760634.0
4498,2519937.8
4499,4711898.0
4500,9722249.0
4501,5792042.5
4502,6611157.0
4503,6699072.0
4504,304839.94
4505,122021.04
4506,4725015.0
4507,339563.2
4508,264520.72
4509,5869042.5
4510,325418.4
4511,6794924.0
4512,3200933.5
4513,4280897.0
4514,3802907.0
4515,7230780.0
4516,4592846.0
4517,3218015.8
4518,2964295.0
4519,274620.1
4520,2588847.2
4521,214910.53
4522,17280290.0
4523,196965.94
4524,10877941.0
4525,4537866.0
4526,1984525.1
4527,11299064.0
4528,2356151.8
4529,2784756.0
4530,206152.78
4531,2402034.0
4532,3182272.2
4533,11109216.0
4534,169510.84
4535,482272.88
4536,3907742.2
4537,5194776.5
4538,218046.69
4539,4120409.8
4540,11383493.0
4541,205342.22
4542,6040822.0
4543,3355352.5
4544,208069.88
4545,152990.56
4546,2897080.0
4547,1580551.2
4548,4817720.5
4549,966987.06
4550,4868118.0
4551,40153904.0
4552,210276.16
4553,3870176.2
4554,2553842.2
4555,241233.36
4556,9546104.0
4557,2914955.5
4558,2526227.5
4559,3276379.0
4560,16591911.0
4561,2337174.0
4562,2116301.0
4563,366118.72
4564,1691712.2
4565,2585612.5
4566,4407740.5
4567,180689.83
4568,1998240.6
4569,3669066.0
4570,232770.34
4571,1450925.2
4572,4795685.0
4573,3682594.0
4574,1752033.8
4575,218156.5
4576,3106691.0
4577,3518026.5
4578,3128179.8
4579,4268854.0
4580,23130024.0
4581,2163066.8
4582,4715944.0
4583,24791620.0
4584,3075074.2
4585,7361260.0
4586,209443.78
4587,6284433.0
4588,7713799.0
4589,4520700.5
4590,1523280.9
4591,245669.39
4592,15772945.0
4593,2108551.0
4594,3073889.5
4595,26149084.0
4596,2918944.8
4597,2719733.5
4598,6509294.0
4599,3718481.2
4600,3670595.5
4601,3327568.2
4602,6481944.0
4603,376069.9
4604,15079384.0
4605,22170270.0
4606,12417692.0
4607,4043173.2
4608,3910333.2
4609,3884156.5
4610,502669.1
4611,3284290.8
4612,3297598.0
4613,3443571.8
4614,5377432.0
4615,3335778.5
4616,2187642.0
4617,3839743.2
4618,204026.16
4619,1396182.4
4620,3674301.0
4621,20128090.0
4622,1873730.2
4623,1306381.2
4624,206977.81
4625,3891182.5
4626,6278317.0
4627,1894337.1
4628,193788.56
4629,2951162.0
4630,173003.4
4631,15375977.0
4632,4472628.5
4633,1832187.0
4634,3063179.0
4635,1448522.2
4636,19693800.0
4637,209514.3
4638,4010094.8
4639,134751.67
4640,3247040.0
4641,1780717.6
4642,11876989.0
4643,8427244.0
4644,4673785.0
4645,1509081.8
4646,3903224.5
4647,3465572.5
4648,2225901.5
4649,17026084.0
4650,21890088.0
4651,2022979.5
4652,2851322.0
4653,1446956.6
4654,5171243.0
4655,233149.81
4656,3203321.5
4657,4183940.0
4658,4361381.0
4659,208143.9
4660,2729920.0
4661,9739993.0
4662,6262942.0
4663,2535174.2
4664,4030445.8
4665,4465247.0
4666,4498453.0
4667,17445744.0
4668,219848.45
4669,2018052.4
4670,4166479.8
4671,5165806.5
4672,2736123.2
4673,2971042.2
4674,4602558.0
4675,3701417.0
4676,5293987.0
4677,1886431.8
4678,2751509.5
4679,1562457.6
4680,1064094.8
4681,2224342.0
4682,17665938.0
4683,4073182.5
4684,196101.88
4685,2195762.2
4686,4422038.5
4687,4942710.0
4688,228091.23
4689,4935380.5
4690,1855216.9
4691,248097.77
4692,3157429.5
4693,2159317.8
4694,4099878.2
4695,1688425.9
4696,13199039.0
4697,308409.75
4698,321735.47
4699,4004526.5
4700,5700766.0
4701,383894.12
4702,161198.4
4703,208239.02
4704,9709018.0
4705,5206297.5
4706,270949.44
4707,201521.14
4708,10350781.0
4709,4552009.0
4710,8420600.0
4711,3751207.0
4712,1807754.5
4713,24011222.0
4714,281575.0
4715,2456910.2
4716,5327591.5
4717,230156.8
4718,7277886.0
4719,5762709.0
4720,2104460.8
4721,159955.23
4722,6646857.0
4723,3520664.5
4724,11764596.0
4725,541063.06
4726,6873460.0
4727,9671037.0
4728,2252619.0
4729,6202528.0
4730,2629011.2
4731,2830784.5
4732,6515511.0
4733,2697233.0
4734,4458137.0
4735,3479166.2
4736,4417132.5
4737,19559634.0
4738,4800934.0
4739,305494.75
4740,27061964.0
4741,150817.44
4742,10476429.0
4743,2489679.5
4744,3206194.5
4745,22766172.0
4746,4004553.2
4747,10408193.0
4748,15447879.0
4749,262826.9
4750,2806056.5
4751,2402398.2
4752,3039700.5
4753,3296079.2
4754,3332007.8
4755,238537.97
4756,12085235.0
4757,317255.6
4758,2422693.2
4759,458796.22
4760,4246266.5
4761,5201092.0
4762,27029828.0
4763,3328006.2
4764,17110662.0
4765,3185184.0
4766,334097.62
4767,168788.31
4768,3077333.0
4769,3240151.0
4770,321870.2
4771,250721.78
4772,3474835.8
4773,5973338.0
4774,271353.38
4775,4134253.2
4776,1468784.5
4777,2672019.8
4778,2766713.0
4779,15706898.0
4780,4330673.0
4781,2394924.8
4782,3248842.8
4783,2715488.2
4784,4433575.0
4785,3773042.5
4786,318206.75
4787,249144.83
4788,234304.89
4789,3350441.2
4790,4401162.5
4791,2303660.0
4792,2129923.5
4793,9501110.0
4794,154222.55
4795,3650804.5
4796,2686120.5
4797,29685268.0
4798,3206757.0
4799,2989086.0
4800,217798.53
4801,231663.5
4802,3265567.0
4803,2710448.2
4804,601830.4
4805,2011602.0
4806,223653.72
4807,2644443.2
4808,2842175.5
4809,378008.38
4810,6573110.0
4811,175533.53
4812,14872949.0
4813,3066221.5
4814,1394257.0
4815,3401856.2
4816,4873325.0
4817,132421.73
4818,2476529.5
4819,13704766.0
4820,270747.2
4821,1231811.6
4822,1235381.0
4823,2044252.6
4824,3394694.0
4825,11345733.0
4826,1502318.5
4827,3557676.8
4828,192942.31
4829,4579903.5
4830,166965.1
4831,18351494.0
4832,2300849.5
4833,2258745.5
4834,203630.19
4835,1111649.2
4836,2397548.2
4837,44182016.0
4838,5595821.5
4839,3365110.5
4840,5082217.5
4841,3860341.5
4842,3354069.8
4843,375691.38
4844,179982.47
4845,3245770.5
4846,2112262.2
4847,26437950.0
4848,385362.5
4849,25687126.0
4850,3740451.0
4851,170612.06
4852,4029654.0
4853,228677.34
4854,263163.75
4855,3903194.8
4856,2805754.0
4857,17290578.0
4858,170131.61
4859,1517343.6
4860,8992417.0
4861,4182176.8
4862,20344156.0
4863,8810930.0
4864,2432996.8
4865,193472.23
4866,4243420.5
4867,6228502.5
4868,144171.27
4869,2936171.0
4870,13853597.0
4871,4809499.0
4872,7940738.5
4873,3430172.8
4874,411355.9
4875,245870.72
4876,8517479.0
4877,5758231.5
4878,3533844.0
4879,3072324.5
4880,4298439.0
4881,5705846.5
4882,203245.47
4883,207281.62
4884,5190592.0
4885,3597451.5
4886,294798.4
4887,3152486.0
4888,3238226.5
4889,2065926.9
4890,6308380.0
4891,142620.36
4892,3215301.0
4893,3769672.5
4894,710157.0
4895,178977.55
4896,10596222.0
4897,2608945.2
4898,10056172.0
4899,3368388.8
4900,1961150.4
4901,6643232.0
4902,232257.45
4903,3857890.2
4904,5164442.0
4905,232188.14
4906,192827.53
4907,5066441.5
4908,4359568.0
4909,7739242.5
4910,1766876.9
4911,6387509.0
4912,1874407.6
4913,191878.94
4914,4934952.5
4915,5218387.0
4916,202409.06
4917,2811311.8
4918,2857160.8
4919,201830.03
4920,223716.86
4921,3170776.0
4922,3689821.8
4923,4893546.5
4924,2290651.2
4925,7215900.0
4926,228723.36
4927,6238829.0
4928,3613309.0
4929,3843546.2
4930,4593844.5
4931,4941277.0
4932,298504.2
4933,265599.84
4934,5814174.0
4935,30200400.0
4936,5031067.0
4937,3283767.5
4938,2833128.8
4939,2341345.8
4940,2228148.8
4941,4285051.0
4942,253407.14
4943,11639028.0
4944,5313308.0
4945,142436.17
4946,2147357.8
4947,171842.81
4948,3173541.0
4949,180288.08
4950,5271673.0
4951,4655937.0
4952,126435.64
4953,2368911.0
4954,2501520.0
4955,224424.17
4956,3357423.5
4957,2087277.4
4958,14754787.0
4959,7945480.5
4960,1250847.1
4961,3524524.5
4962,298507.6
4963,177131.6
4964,11660893.0
4965,1583260.8
4966,3601818.0
4967,202273.98
4968,4281027.5
4969,2129720.5
4970,169923.4
4971,3071144.0
4972,2834269.2
4973,2624802.5
4974,4649370.0
4975,2646673.5
4976,2414873.5
4977,5220651.5
4978,2370144.8
4979,5228025.5
4980,2831554.0
4981,3523129.8
4982,211223.81
4983,3230783.2
4984,1819129.0
4985,6936651.0
4986,1575487.2
4987,2570080.2
4988,108346.266
4989,12473714.0
4990,1795517.8
4991,2941221.0
4992,9592904.0
4993,2331982.0
4994,333202.56
4995,2981749.0
4996,5400090.0
4997,5972386.5
4998,3227746.8
4999,5770221.0
5000,5714554.0
5001,4539069.5
5002,231476.88
5003,15173062.0
5004,4189250.2
5005,9218018.0
5006,5678611.5
5007,1587442.8
5008,23515834.0
5009,230180.5
5010,2131805.2
5011,3100292.0
5012,4239792.0
5013,21078050.0
5014,2161217.2
5015,6523662.0
5016,4170196.8
5017,3860006.5
5018,13886904.0
5019,5530190.5
5020,4951239.5
5021,123135.445
5022,250057.47
5023,8273488.5
5024,518836.78
5025,3341662.5
5026,3094650.0
5027,3471384.5
5028,2189238.5
5029,3637383.0
5030,2601757.2
5031,1655342.4
5032,6098841.5
5033,271776.8
5034,197477.53
5035,3294316.2
5036,4616903.0
5037,4829874.5
5038,16847056.0
5039,2657557.0
5040,3919218.8
5041,225572.6
5042,251189.67
5043,3633725.0
5044,16734805.0
5045,4004381.5
5046,4231697.0
5047,2243466.5
5048,4978109.0
5049,242391.72
5050,2474485.0
5051,5328328.0
5052,278485.44
5053,6269312.5
5054,267343.4
5055,1207577.2
5056,22963030.0
5057,11041722.0
5058,191145.28
5059,7078822.5
5060,5135279.0
5061,4645381.0
5062,3252891.5
5063,2745103.8
5064,438354.97
5065,3963489.0
5066,4488383.0
5067,2288310.8
5068,3237201.5
5069,4980697.0
5070,10523472.0
5071,319226.8
5072,5632792.0
5073,233800.88
5074,3266096.5
5075,1983040.0
5076,2540666.0
5077,211813.44
5078,191256.31
5079,3896875.5
5080,431838.44
5081,4308638.0
5082,3283761.5
5083,2073536.0
5084,241373.5
5085,2980936.0
5086,2271373.5
5087,2824447.5
5088,2436159.0
5089,1959639.8
5090,4547908.5
5091,3284647.8
5092,6325525.0
5093,229694.56
5094,8847668.0
5095,468144.66
5096,676013.75
5097,242191.84
5098,3567148.5
5099,983979.4
5100,1916062.0
5101,3506239.8
5102,1691086.4
5103,2924392.0
5104,3603556.5
5105,229452.42
5106,2962328.0
5107,1577523.0
5108,5668920.5
5109,3224697.5
5110,12339401.0
5111,3148327.8
5112,5784270.5
5113,200604.19
5114,4001560.2
5115,3177550.5
5116,13258030.0
5117,4898645.5
5118,581452.25
5119,2471461.8
5120,140046.0
5121,3589281.8
5122,4642706.0
5123,261619.28
5124,2869837.2
5125,4738562.0
5126,3534107.0
5127,9297584.0
5128,3251099.0
5129,1707320.2
5130,366257.72
5131,3480371.0
5132,3514096.5
5133,3723619.8
5134,9494498.0
5135,6760111.5
5136,6544874.0
5137,282937.6
5138,4097048.5
5139,3177768.8
5140,8383317.0
5141,210815.28
5142,5278021.5
5143,15715588.0
5144,3270472.5
5145,1308674.5
5146,2366465.5
5147,174312.08
5148,15286671.0
5149,223911.95
5150,32047816.0
5151,6638596.0
5152,6553281.0
5153,3344685.0
5154,186657.56
5155,2037875.9
5156,30351118.0
5157,4467210.5
5158,2517410.8
5159,31131440.0
5160,2925993.2
5161,151914.38
5162,4185911.5
5163,2429908.0
5164,1307536.8
5165,10646728.0
5166,5233762.5
5167,3922823.5
5168,4520761.0
5169,254494.06
5170,7831359.0
5171,3200072.8
5172,2300105.8
5173,5879148.5
5174,245140.47
5175,165646.64
5176,2441450.2
5177,9422948.0
5178,6494839.5
5179,2400266.0
5180,8374231.5
5181,4250557.0
5182,283531.84
5183,5189894.0
5184,1203710.5
5185,10024326.0
5186,3056963.0
5187,796422.1
5188,3492873.2
5189,2672919.5
5190,11425932.0
5191,2787328.0
5192,10369949.0
5193,7410269.5
5194,8927238.0
5195,7022114.0
5196,362350.56
5197,1278174.9
5198,6007415.0
5199,2324592.5
5200,3507641.0
5201,4680395.5
5202,1910715.5
5203,3485200.2
5204,131006.71
5205,3608828.8
5206,2587001.0
5207,2858191.0
5208,11547285.0
5209,3063065.0
5210,15858133.0
5211,140405.06
5212,2342916.0
5213,14997435.0
5214,2083896.1
5215,2979640.0
5216,4421001.5
5217,3123258.2
5218,2341270.0
5219,14905409.0
5220,2360193.0
5221,2762420.8
5222,2844030.2
5223,12740035.0
5224,2254669.2
5225,132532.16
5226,6867871.0
5227,1983433.4
5228,3764219.2
5229,12185086.0
5230,1462952.2
5231,2135871.2
5232,1897289.5
5233,3673596.8
5234,30609418.0
5235,3605976.8
5236,7757457.5
5237,321631.47
5238,1267223.4
5239,15419384.0
5240,18113424.0
5241,4674324.5
5242,3120430.0
5243,2444017.5
5244,7281371.0
5245,2422873.5
5246,4469805.5
5247,1953081.8
5248,3667628.2
5249,7377276.5
5250,7017655.0
5251,247035.1
5252,292014.53
5253,3528688.0
5254,230425.61
5255,9566081.0
5256,244058.33
5257,175653.94
5258,2878317.8
5259,8739654.0
5260,179350.72
5261,3021161.0
5262,211937.3
5263,4806559.5
5264,206612.97
5265,2162281.0
5266,6697698.5
5267,6001580.0
5268,161271.45
5269,3785430.0
5270,7330925.0
5271,2095694.6
5272,3888456.0
5273,1403249.1
5274,2004143.6
5275,8366760.0
5276,11063710.0
5277,184290.38
5278,2690017.0
5279,4927174.0
5280,3224417.8
5281,4098326.2
5282,699337.75
5283,2151798.0
5284,1759095.8
5285,12158713.0
5286,250845.19
5287,4629234.5
5288,2318899.8
5289,2321130.0
5290,9032125.0
5291,21313418.0
5292,5377616.5
5293,477426.72
5294,2480101.0
5295,4348162.0
5296,1430684.2
5297,8678591.0
5298,7587547.5
5299,156151.39
5300,12972318.0
5301,2125789.8
5302,414333.22
5303,162961.14
5304,4408245.0
5305,2518102.2
5306,6002896.0
5307,3111221.2
5308,3118451.5
5309,2249023.5
5310,2970832.5
5311,2731071.0
5312,9044727.0
5313,2357313.8
5314,3485280.0
5315,198044.45
5316,2569090.2
5317,6525074.5
5318,12216270.0
5319,2343128.2
5320,9733308.0
5321,4503097.5
5322,1989730.9
5323,5615757.0
5324,273476.16
5325,4312909.0
5326,4496596.0
5327,5609505.0
5328,5865528.5
5329,4161365.2
5330,4021476.8
5331,2630493.5
5332,2974833.0
5333,269698.84
5334,3157956.5
5335,3340964.8
5336,201863.72
5337,152570.92
5338,255844.4
5339,4953488.0
5340,4114049.0
5341,6215519.0
5342,15304409.0
5343,1850446.0
5344,1651616.2
5345,3249989.2
5346,269343.12
5347,1413572.8
5348,8315960.0
5349,260024.12
5350,2953369.2
5351,23358570.0
5352,1960692.2
5353,8654828.0
5354,13936258.0
5355,5462489.0
5356,3617260.2
5357,3965330.2
5358,16145388.0
5359,196737.84
5360,2426272.5
5361,212131.22
5362,3354044.0
5363,183542.83
5364,2885744.2
5365,5047931.0
5366,2661381.8
5367,2638531.0
5368,186047.27
5369,531317.0
5370,9980313.0
5371,4840402.0
5372,3834927.2
5373,4045734.2
5374,5522580.0
5375,18462050.0
5376,28757904.0
5377,3036835.0
5378,1876962.0
5379,10139762.0
5380,309580.8
5381,12540868.0
5382,361784.97
5383,3424557.2
5384,3962914.5
5385,204479.83
5386,2170313.2
5387,216565.53
5388,14418712.0
5389,4893112.5
5390,296106.06
5391,8488611.0
5392,3270872.0
5393,4359705.0
5394,205922.69
5395,3891412.5
5396,349045.84
5397,4483638.5
5398,4720349.0
5399,3236309.5
5400,155608.03
5401,253528.72
5402,5728217.0
5403,4580056.5
5404,3961626.0
5405,4333594.0
5406,1901898.2
5407,7561225.0
5408,3419554.2
5409,3840699.2
5410,3552930.0
5411,10559221.0
5412,2909620.2
5413,4969855.0
5414,13596169.0
5415,214077.98
5416,207372.38
5417,12268317.0
5418,2067876.4
5419,3533881.0
5420,3538228.0
5421,16540123.0
5422,1835432.9
5423,1226012.6
5424,4358358.5
5425,4834819.5
5426,1437186.8
5427,194992.64
5428,2090201.6
5429,350856.03
5430,4960758.5
5431,1961279.4
5432,20667250.0
5433,2416223.5
5434,217106.5
5435,188187.03
5436,205638.12
5437,3016321.5
5438,5080536.0
5439,2145376.2
5440,20217008.0
5441,4260561.0
5442,2759908.5
5443,7978921.5
5444,6078675.0
5445,194629.25
5446,21870432.0
5447,1677974.2
5448,3306014.8
5449,5742887.0
5450,4009857.8
5451,1740466.2
5452,1272451.4
5453,32673234.0
5454,7408764.5
5455,9803587.0
5456,4854937.0
5457,3240624.0
5458,206869.28
5459,199865.19
5460,3982388.0
5461,2243224.8
5462,1772284.0
5463,32813816.0
5464,138364.25
5465,5174736.0
5466,2352790.5
5467,4840485.0
5468,6610268.0
5469,2479843.0
5470,13853148.0
5471,2787232.0
5472,6559809.0
5473,3548250.2
5474,2403791.5
5475,222203.98
5476,4715467.0
5477,3814497.5
5478,2756094.8
5479,4323229.0
5480,3293195.0
5481,3142610.2
5482,9977401.0
5483,3927472.8
5484,3389304.8
5485,223442.88
5486,5429602.5
5487,27377464.0
5488,3296381.0
5489,4303270.5
5490,9818801.0
5491,2677174.8
5492,1388663.8
5493,1900359.0
5494,1922079.6
5495,198832.48
5496,2850984.8
5497,2042695.6
5498,2589264.5
5499,3972904.5
5500,11241669.0
5501,3970454.0
5502,168217.03
5503,3704888.8
5504,229175.34
5505,242249.36
5506,2024336.2
5507,3678508.2
5508,3814668.5
5509,21185182.0
5510,3512652.2
5511,2057107.4
5512,253370.89
5513,3256563.5
5514,4971282.0
5515,2832307.5
5516,2021415.5
5517,9584527.0
5518,5878442.0
5519,26906068.0
5520,1160483.1
5521,3398250.5
5522,3501671.8
5523,6505862.0
5524,11295142.0
5525,2858278.0
5526,6224286.5
5527,2602742.5
5528,3254430.8
5529,1769075.5
5530,8158794.0
5531,3818242.5
5532,3098923.5
5533,5139727.5
5534,18992810.0
5535,3722260.0
5536,3320233.0
5537,284615.5
5538,14193140.0
5539,3950157.2
5540,283860.56
5541,2366982.5
5542,3747420.5
5543,3446114.5
5544,1379500.5
5545,2074259.9
5546,3702836.5
5547,3002021.5
5548,3645182.5
5549,268396.94
5550,276088.8
5551,166503.81
5552,5019962.0
5553,4156324.2
5554,2919059.0
5555,1210855.9
5556,407261.2
5557,232321.48
5558,19088760.0
5559,3904724.8
5560,1999458.8
5561,4666396.5
5562,5609468.0
5563,3536602.0
5564,2466350.0
5565,8723125.0
5566,2792644.0
5567,12584430.0
5568,3299265.0
5569,220792.28
5570,4116922.0
5571,12653338.0
5572,157885.56
5573,16662537.0
5574,17223036.0
5575,15778662.0
5576,15561379.0
5577,2445596.0
5578,247607.53
5579,1706892.1
5580,3257542.0
5581,1454763.1
5582,5317328.0
5583,187612.34
5584,265959.03
5585,2121148.2
5586,216499.45
5587,239894.69
5588,24479384.0
5589,4127902.5
5590,3275429.2
5591,163426.8
5592,7742882.0
5593,1297158.5
5594,3266233.5
5595,2121524.8
5596,13227468.0
5597,1718336.5
5598,2750116.5
5599,180168.45
5600,3395040.5
5601,317530.44
5602,1484806.0
5603,146806.05
5604,14635190.0
5605,13369662.0
5606,220742.39
5607,3908021.8
5608,2688514.2
5609,3001037.0
5610,1848958.9
5611,793958.25
5612,3151115.2
5613,3821871.2
5614,4678655.0
5615,8488295.0
5616,210426.0
5617,5419075.5
5618,7865370.0
5619,5225817.0
5620,2427853.5
5621,4174438.2
5622,3686417.0
5623,373474.75
5624,34818044.0
5625,2542231.8
5626,187714.19
5627,5018047.5
5628,3049171.5
5629,4866572.0
5630,198647.88
5631,2359205.2
5632,12601388.0
5633,3963587.5
5634,3459510.0
5635,277891.97
5636,2786825.5
5637,4730867.5
5638,649705.75
5639,3786332.8
5640,4244813.0
5641,342411.22
5642,210809.25
5643,2306755.2
5644,36309116.0
5645,13684130.0
5646,376325.0
5647,199683.42
5648,8946841.0
5649,3444458.5
5650,4942210.0
5651,2968170.5
5652,194502.33
5653,21413330.0
5654,8400251.0
5655,211977.73
5656,4994319.5
5657,4284017.0
5658,5203245.0
5659,2284052.5
5660,6044579.5
5661,4534241.0
5662,24522144.0
5663,1599479.8
5664,3053388.0
5665,10029336.0
5666,281192.88
5667,12244076.0
5668,4738855.5
5669,3187420.5
5670,14544943.0
5671,169415.16
5672,234151.2
5673,4567337.5
5674,203140.62
5675,1928300.0
5676,2649909.0
5677,202523.77
5678,443605.94
5679,171450.77
5680,16914962.0
5681,22382628.0
5682,2292605.0
5683,22015830.0
5684,5024886.0
5685,807733.56
5686,2198813.2
5687,2923499.5
5688,9340349.0
5689,3434883.2
5690,4383615.0
5691,4049065.5
5692,7936786.5
5693,15468724.0
5694,16946092.0
5695,153877.88
5696,597956.1
5697,1762726.5
5698,2287032.2
5699,2147318.8
5700,2176116.5
5701,3366349.5
5702,3973689.0
5703,7671578.5
5704,11707158.0
5705,2592706.5
5706,4383870.0
5707,25478916.0
5708,6588216.0
5709,2541705.8
5710,2773312.0
5711,1800820.1
5712,5693420.5
5713,3832010.0
5714,5590770.0
5715,10027997.0
5716,3208381.5
5717,253491.5
5718,2459545.2
5719,231829.92
5720,4748790.5
5721,3553177.2
5722,3863475.5
5723,11607614.0
5724,3103735.5
5725,1782746.5
5726,1737467.9
5727,7300457.5
5728,3570279.8
5729,392699.75
5730,5203011.5
5731,2290524.5
5732,3414366.5
5733,2609647.0
5734,5326743.0
5735,3385325.0
5736,7488308.5
5737,274408.3
5738,6366078.5
5739,8738004.0
5740,4637705.5
5741,11684716.0
5742,13309870.0
5743,4875807.5
5744,3975671.5
5745,3727197.5
5746,216292.47
5747,3165618.2
5748,341403.0
5749,15648199.0
5750,391244.1
5751,4360753.0
5752,188686.44
5753,7130424.5
5754,3011567.5
5755,302982.97
5756,5335671.0
5757,3389925.5
5758,149422.0
5759,2653601.0
5760,207325.9
5761,3280212.0
5762,10787073.0
5763,4328163.0
5764,14070579.0
5765,11915722.0
5766,301765.2
5767,2840430.5
5768,22668680.0
5769,10615339.0
5770,3323172.8
5771,6285800.0
5772,1389463.8
5773,9023274.0
5774,4817550.5
5775,14497221.0
5776,242932.78
5777,8997100.0
5778,5871494.5
5779,5884084.5
5780,4190165.2
5781,4887935.5
5782,4354980.5
5783,15839995.0
5784,3167070.8
5785,3332484.5
5786,1883697.4
5787,1545083.8
5788,4437479.5
5789,219299.19
5790,262539.56
5791,21202604.0
5792,1745795.9
5793,13471541.0
5794,4312169.0
5795,5929431.0
5796,5539628.5
5797,5045332.0
5798,3047072.8
5799,317488.03
5800,2460723.0
5801,158282.08
5802,156960.77
5803,2617438.5
5804,3469415.0
5805,1020053.1
5806,3246355.5
5807,4502818.5
5808,2065564.4
5809,2622058.0
5810,1690173.8
5811,221700.2
5812,19092292.0
5813,15355051.0
5814,4353664.0
5815,2236660.2
5816,3586332.2
5817,991008.56
5818,289966.78
5819,219846.78
5820,1544731.8
5821,1870595.0
5822,879574.6
5823,4900397.5
5824,230667.47
5825,277772.72
5826,2596975.2
5827,2214588.5
5828,427725.78
5829,3180333.5
5830,4426220.0
5831,296979.66
5832,13777601.0
5833,4253294.0
5834,152235.62
5835,3089371.5
5836,3447107.2
5837,3985081.8
5838,3090874.5
5839,5327759.0
5840,5344593.5
5841,347246.97
5842,6892049.0
5843,16542836.0
5844,3644066.8
5845,2921239.5
5846,272896.47
5847,6460147.0
5848,261042.33
5849,2038879.0
5850,4050695.2
5851,166467.45
5852,5009340.5
5853,240254.14
5854,344073.12
5855,364867.03
5856,893247.0
5857,24323748.0
5858,8936335.0
5859,6803885.5
5860,18601810.0
5861,3339595.0
5862,22436056.0
5863,5149083.5
5864,18852448.0
5865,1022719.1
5866,2267810.8
5867,22457934.0
5868,1231220.9
5869,2723424.2
5870,3053417.0
5871,6062811.5
5872,8050417.5
5873,13248348.0
5874,2165510.5
5875,333646.78
5876,8013665.0
5877,3754718.2
5878,5998593.0
5879,3152858.8
5880,314889.66
5881,32202532.0
5882,36639708.0
5883,232596.16
5884,4479621.0
5885,176894.92
5886,226369.31
5887,279955.06
5888,3619258.2
5889,10387171.0
5890,171672.8
5891,5918589.0
5892,2839940.2
5893,176434.8
5894,5204356.5
5895,285669.53
5896,6518997.5
5897,166480.16
5898,8597563.0
5899,2332097.8
5900,5601134.0
5901,1104340.4
5902,24848238.0
5903,2938000.0
5904,3270712.8
5905,4445451.0
5906,4428128.5
5907,1439967.6
5908,337183.3
5909,2594069.2
5910,3121087.8
5911,11195556.0
5912,18052342.0
5913,3711997.2
5914,261736.83
5915,5828208.5
5916,4403127.0
5917,7474189.0
5918,267973.4
5919,2022414.2
5920,7340229.5
5921,220479.61
5922,243547.5
5923,206934.19
5924,9176933.0
5925,504659.12
5926,1451647.8
5927,253097.27
5928,10574054.0
5929,203724.8
5930,10068974.0
5931,4234179.5
5932,10745776.0
5933,3865679.5
5934,6632249.0
5935,33760904.0
5936,3597276.5
5937,276103.03
5938,3809727.8
5939,18278170.0
5940,28438264.0
5941,217311.38
5942,4699328.0
5943,3024880.0
5944,5841106.5
5945,3170074.5
5946,1427858.6
5947,1110865.0
5948,299733.38
5949,3489637.0
5950,2641602.5
5951,3297022.5
5952,8064187.0
5953,5150866.5
5954,2365380.2
5955,4058939.8
5956,4378405.0
5957,685543.2
5958,5383461.0
5959,3422206.5
5960,23145382.0
5961,2190470.8
5962,2563661.8
5963,4552569.0
5964,283399.12
5965,2849585.0
5966,14604990.0
5967,7610578.5
5968,3388622.8
5969,4094162.0
5970,3163418.2
5971,3260696.8
5972,3226260.2
5973,224956.45
5974,187494.3
5975,4241628.0
5976,2290900.5
5977,3530960.5
5978,15323658.0
5979,248298.5
5980,6954986.5
5981,1519508.5
5982,418697.06
5983,1254502.8
5984,15853204.0
5985,5018803.5
5986,7132608.0
5987,5073791.0
5988,266938.34
5989,139685.45
5990,475818.1
5991,171300.25
5992,5146521.0
5993,2688452.5
5994,4380422.5
5995,258593.27
5996,251102.73
5997,381877.06
5998,6774116.0
5999,3076854.8
6000,6059574.5
6001,204841.5
6002,1854118.5
6003,337394.3
6004,456247.2
6005,199632.02
6006,173841.94
6007,1293018.5
6008,173132.97
6009,216029.42
6010,442545.75
6011,172567.39
6012,277333.06
6013,426076.94
6014,2089474.1
6015,2147376.0
6016,191203.06
6017,1409948.2
6018,313725.16
6019,230350.69
6020,227890.97
6021,221466.06
6022,127195.27
6023,262284.06
6024,178619.64
6025,150042.73
6026,317715.22
6027,215884.02
6028,467462.53
6029,279360.3
6030,613088.56
6031,262187.0
6032,199729.52
6033,2251635.2
6034,264602.97
6035,533943.1
6036,172514.73
6037,147139.64
6038,117899.92
6039,235729.9
6040,229552.66
6041,433785.44
6042,226274.55
6043,311838.44
6044,428324.2
6045,254903.84
6046,1534433.4
6047,216622.14
6048,1705244.0
6049,194801.19
6050,205316.56
6051,158101.64
6052,243402.16
6053,123549.625
6054,179539.14
6055,243411.9
6056,237648.33
6057,133018.27
6058,543689.7
6059,241827.88
6060,286504.94
6061,283280.22
6062,1602969.1
6063,333996.0
6064,270245.2
6065,237080.83
6066,250220.88
6067,301997.8
6068,117323.17
6069,353036.03
6070,294211.12
6071,277643.75
6072,353497.6
6073,162952.6
6074,160383.55
6075,1412306.0
6076,239856.25
6077,166882.64
6078,368136.12
6079,410533.7
6080,283789.94
6081,151105.52
6082,182861.25
6083,314618.62
6084,1999823.0
6085,240239.48
6086,252984.1
6087,248711.34
6088,218597.6
6089,1710054.6
6090,362935.06
6091,105249.38
6092,169295.81
6093,282783.84
6094,382893.4
6095,1321693.5
6096,172660.23
6097,170558.53
6098,358930.2
6099,255381.97
6100,232128.36
6101,392575.06
6102,1914746.8
6103,309528.88
6104,132566.4
6105,277100.7
6106,218129.03
6107,170080.5
6108,293011.84
6109,136026.97
6110,3276697.8
6111,233727.97
6112,180703.78
6113,267881.66
6114,327753.1
6115,495923.8
6116,182605.25
6117,471531.2
6118,1780670.1
6119,361597.7
6120,1526085.8
6121,1531071.2
6122,279531.7
6123,131605.66
6124,179133.45
6125,150906.78
6126,245319.84
6127,1727363.2
6128,463524.44
6129,2848549.8
6130,163876.6
6131,257031.5
6132,177865.58
6133,225662.75
6134,255548.86
6135,3502266.2
6136,5251341.0
6137,419779.34
6138,189710.6
6139,4766313.0
6140,169822.97
6141,1642859.9
6142,204200.97
6143,138894.53
6144,305673.1
6145,382822.56
6146,216114.73
6147,442668.56
6148,277115.75
6149,284025.5
6150,489701.78
6151,149313.88
6152,2035376.2
6153,144549.31
6154,166347.16
6155,2955358.5
6156,141691.69
6157,217878.72
6158,2073852.5
6159,2257785.0
6160,825039.75
6161,249514.1
6162,215686.88
6163,128830.07
6164,229578.28
6165,211145.47
6166,243581.88
6167,224929.64
6168,203801.36
6169,1512809.5
6170,292390.75
6171,172007.11
6172,156782.14
6173,317860.7
6174,1654870.5
6175,267191.0
6176,1910438.5
6177,355483.4
6178,149745.25
6179,1779028.8
6180,223181.56
6181,287343.34
6182,3401953.8
6183,277011.9
6184,642593.44
6185,233228.1
6186,192519.56
6187,152679.52
6188,1911023.5
6189,322361.7
6190,271414.97
6191,151513.31
6192,230684.84
6193,205511.88
6194,96291.47
6195,194864.75
6196,143737.17
6197,186746.05
6198,300389.56
6199,4930958.5
6200,194737.67
6201,230708.39
6202,1041466.25
6203,3056056.5
6204,240487.28
6205,190983.47
6206,345406.62
6207,328618.2
6208,1065064.4
6209,124669.55
6210,137013.72
6211,244390.22
6212,267176.97
6213,3208522.2
6214,196642.17
6215,239235.33
6216,201908.77
6217,143106.89
6218,2399433.0
6219,267387.78
6220,211835.45
6221,285123.0
6222,189355.77
6223,196398.9
6224,222824.69
6225,308259.22
6226,1858893.5
6227,306674.34
6228,161584.89
6229,380263.88
6230,166577.66
6231,241623.84
6232,228579.44
6233,465635.2
6234,206497.12
6235,176647.27
6236,195589.38
6237,181166.06
6238,1992239.1
6239,1229628.5
6240,339997.44
6241,222960.94
6242,190868.03
6243,205536.19
6244,273203.47
6245,213973.89
6246,181854.14
6247,527446.75
6248,165743.34
6249,2295990.0
6250,201786.53
6251,337224.8
6252,219525.6
6253,213092.53
6254,270585.62
6255,208821.9
6256,197943.62
6257,377101.0
6258,149747.25
6259,125884.71
6260,209579.05
6261,447527.53
6262,205732.69
6263,1630880.5
6264,237775.06
6265,200798.28
6266,340930.9
6267,2877681.0
6268,157796.31
6269,941868.4
6270,300051.4
6271,2714160.0
6272,237164.72
6273,117350.81
6274,2040929.5
6275,309031.28
6276,177656.38
6277,1490100.0
6278,231518.17
6279,202472.2
6280,3715060.8
6281,132357.22
6282,4332077.5
6283,202543.84
6284,475521.4
6285,2621080.5
6286,215248.16
6287,207748.28
6288,329860.0
6289,403072.7
6290,207286.95
6291,260443.55
6292,393213.12
6293,2457001.8
6294,1577774.2
6295,586590.8
6296,195427.16
6297,212517.38
6298,153571.77
6299,191420.56
6300,245877.06
6301,270909.66
6302,1417119.9
6303,240683.45
6304,173037.23
6305,395791.06
6306,917185.3
6307,230690.78
6308,221417.7
6309,106816.34
6310,3954608.8
6311,191326.75
6312,249678.11
6313,273768.94
6314,213091.31
6315,242932.78
6316,2715687.5
6317,332020.03
6318,3113726.5
6319,1544366.4
6320,1931266.6
6321,202928.61
6322,1941688.0
6323,211374.94
6324,314869.25
6325,1333956.4
6326,178521.2
6327,220690.19
6328,308391.53
6329,150543.53
6330,197188.66
6331,4344978.5
6332,166859.88
6333,215772.66
6334,138372.83
6335,2653902.2
6336,149905.14
6337,252870.23
6338,187436.38
6339,199713.52
6340,1671091.4
6341,175785.83
6342,285216.28
6343,438398.44
6344,259899.17
6345,245972.75
6346,590029.5
6347,3297368.2
6348,2175861.2
6349,1240762.6
6350,232531.84
6351,277937.28
6352,212339.5
6353,156457.12
6354,223598.69
6355,169779.72
6356,1000447.5
6357,101652.81
6358,202830.31
6359,187208.06
6360,2614908.5
6361,274735.1
6362,160096.7
6363,148646.67
6364,160131.67
6365,336235.06
6366,283263.75
6367,207580.53
6368,2854470.0
6369,284139.28
6370,1168134.8
6371,151987.7
6372,339220.44
6373,204069.17
6374,203009.12
6375,321621.66
6376,225288.16
6377,172710.62
6378,176010.78
6379,345624.1
6380,213400.83
6381,3367948.8
6382,1576334.9
6383,308720.5
6384,384128.16
6385,1456492.9
6386,3575274.8
6387,208053.61
6388,156462.48
6389,156139.62
6390,353587.28
6391,212182.22
6392,615979.0
6393,2725024.5
6394,393429.94
6395,164292.53
6396,107374.3
6397,151545.97
6398,315677.16
6399,164640.58
6400,200238.94
6401,296859.6
6402,2393472.5
6403,194221.31
6404,180414.67
6405,227813.84
6406,161575.5
6407,223787.06
6408,304606.28
6409,246025.3
6410,194206.69
6411,1860947.5
6412,270428.0
6413,264287.47
6414,3294935.2
6415,321099.4
6416,213544.97
6417,187667.11
6418,379013.7
6419,208933.86
6420,238758.06
6421,199246.28
6422,171677.05
6423,232125.48
6424,2059364.6
6425,155574.66
6426,153586.12
6427,1098271.8
6428,179664.17
6429,430351.8
6430,562438.5
6431,331501.44
6432,279011.0
6433,254084.47
6434,198231.34
6435,184526.38
6436,253181.52
6437,142534.42
6438,317917.7
6439,2259241.0
6440,230154.6
6441,193497.34
6442,161372.98
6443,197907.0
6444,141317.08
6445,3770722.5
6446,2662194.0
6447,231699.73
6448,170529.1
6449,2064160.4
6450,151177.3
6451,288360.16
6452,528849.0
6453,241163.66
6454,196721.89
6455,1543851.0
6456,1983267.0
6457,312135.7
6458,147445.45
6459,156766.28
6460,249706.67
6461,1167537.8
6462,257386.69
6463,208630.22
6464,267226.16
6465,232283.38
6466,274342.88
6467,1197790.2
6468,223596.98
6469,374394.44
6470,216184.2
6471,187882.36
6472,2648857.8
6473,274977.56
6474,197717.98
6475,141909.28
6476,5324574.5
6477,199843.06
6478,181236.73
6479,338161.97
6480,258024.45
6481,206928.67
6482,161233.78
6483,289472.78
6484,248741.22
6485,363614.44
6486,200220.78
6487,441391.25
6488,409716.62
6489,173127.69
6490,101740.49
6491,222270.97
6492,2103989.2
6493,150269.14
6494,182229.66
6495,194321.75
6496,2853814.0
6497,689699.44
6498,215672.47
6499,1939933.2
6500,178248.84
6501,245964.3
6502,1952804.2
6503,225822.7
6504,169442.47
6505,184380.03
6506,182309.44
6507,159315.22
6508,232540.05
6509,240853.83
6510,248427.58
6511,228161.5
6512,256918.77
6513,206642.31
6514,221471.98
6515,294629.2
6516,237137.12
6517,221518.03
6518,1570210.2
6519,924611.6
6520,1667398.1
6521,240538.89
6522,286065.94
6523,2478682.2
6524,206031.12
6525,267901.34
6526,2316983.2
6527,892942.94
6528,195852.0
6529,192480.66
6530,452047.8
6531,1736490.5
6532,224715.02
6533,169731.0
6534,288385.47
6535,1370403.0
6536,229880.84
6537,303270.3
6538,225814.52
6539,2797138.0
6540,309750.34
6541,241049.16
6542,188074.9
6543,189779.53
6544,150869.94
6545,296734.5
6546,2213157.0
6547,121420.43
6548,1490353.0
6549,2825261.0
6550,2557776.2
6551,230628.75
6552,212262.97
6553,151069.48
6554,220491.81
6555,1013622.9
6556,288177.62
6557,208446.66
6558,259279.02
6559,351847.53
6560,485696.3
6561,212415.25
6562,403732.84
6563,161449.03
6564,281383.34
6565,198568.7
6566,226841.5
6567,291727.28
6568,2146086.2
6569,208221.14
6570,173801.66
6571,178996.84
6572,151706.47
6573,290356.4
6574,357345.38
6575,234836.4
6576,228029.25
6577,2130673.2
6578,312971.78
6579,184010.25
6580,147697.5
6581,217307.44
6582,151284.6
6583,97909.39
6584,158197.4
6585,401574.0
6586,980142.25
6587,1845553.5
6588,166756.8
6589,239851.9
6590,296639.72
6591,239628.53
6592,373814.34
6593,1915455.5
6594,356845.47
6595,140688.83
6596,223977.1
6597,236865.22
6598,224535.94
6599,171554.78
6600,248994.94
6601,184560.34
6602,1218693.0
6603,310557.53
6604,210948.42
6605,531425.44
6606,748434.75
6607,268051.62
6608,191087.69
6609,1389120.6
6610,1133290.4
6611,136438.69
6612,3492007.5
6613,240053.28
6614,679748.5
6615,172002.34
6616,394868.5
6617,227389.27
6618,219812.19
6619,187086.88
6620,214790.06
6621,299252.7
6622,361269.53
6623,319352.56
6624,349632.53
6625,2154666.8
6626,277040.7
6627,1640176.8
6628,171364.94
6629,162348.56
6630,210480.6
6631,215276.08
6632,117268.48
6633,156311.11
6634,206317.02
6635,167081.06
6636,655563.1
6637,251126.69
6638,158075.4
6639,2267361.0
6640,190408.42
6641,269498.56
6642,307404.03
6643,200219.84
6644,250434.55
6645,510770.56
6646,230288.1
6647,174189.94
6648,307491.7
6649,223510.64
6650,155520.95
6651,238929.34
6652,138404.64
6653,1918517.6
6654,384440.75
6655,309055.44
6656,227744.53
6657,218303.44
6658,132059.9
6659,1434938.0
6660,117290.28
6661,217952.28
6662,206474.1
6663,967230.56
6664,147395.53
6665,183497.84
6666,1699624.8
6667,1807254.6
6668,200165.61
6669,1979682.2
6670,200250.77
6671,244001.31
6672,3213284.0
6673,3062419.5
6674,2424928.5
6675,160434.48
6676,224220.3
6677,128935.28
6678,216414.81
6679,5673160.5
6680,320025.12
6681,2448384.5
6682,1879105.9
6683,2129889.0
6684,212763.77
6685,157527.61
6686,1697349.0
6687,208018.3
6688,214222.98
6689,322040.9
6690,4078375.5
6691,138608.72
6692,424777.8
6693,259031.88
6694,262524.28
6695,226462.38
6696,1790604.9
6697,296371.94
6698,256711.08
6699,384168.8
6700,4334218.0
6701,279277.47
6702,336558.75
6703,169015.75
6704,954923.2
6705,226917.66
6706,230502.55
6707,289540.7
6708,1012651.8
6709,250149.06
6710,256449.75
6711,232643.4
6712,1022524.1
6713,194431.48
6714,217588.84
6715,158877.94
6716,289107.78
6717,3876027.0
6718,1744374.6
6719,2067245.4
6720,202317.2
6721,224198.06
6722,244120.48
6723,315325.4
6724,263454.78
6725,234153.66
6726,323570.3
6727,212879.45
6728,1209154.9
6729,167286.73
6730,211587.52
6731,243420.25
6732,1515044.5
6733,235258.95
6734,1293101.0
6735,228756.31
6736,959793.2
6737,169302.1
6738,165922.53
6739,167741.08
6740,111559.37
6741,193018.31
6742,264053.94
6743,1881058.5
6744,1317001.6
6745,169686.48
6746,322258.72
6747,224027.3
6748,155968.62
6749,239346.02
6750,192913.44
6751,520459.3
6752,339829.8
6753,183033.81
6754,1326053.1
6755,182820.45
6756,2262086.8
6757,209120.25
6758,184940.92
6759,1412777.5
6760,225246.9
6761,231083.17
6762,188714.16
6763,174624.72
6764,307609.03
6765,359683.7
6766,104252.5
6767,273536.66
6768,274924.84
6769,243480.39
6770,192251.14
6771,280889.75
6772,225952.81
6773,260457.95
6774,368554.84
6775,4430143.0
6776,133673.44
6777,257404.86
6778,1788463.0
6779,1398965.2
6780,1668484.5
6781,274180.72
6782,470767.34
6783,218659.53
6784,167395.9
6785,229879.08
6786,1306172.0
6787,1417149.6
6788,208775.5
6789,192132.38
6790,227994.45
6791,235698.89
6792,535967.0
6793,233083.56
6794,214232.38
6795,285561.66
6796,2522623.5
6797,318219.8
6798,241405.05
6799,176997.34
6800,364747.38
6801,366058.7
6802,243015.5
6803,580000.7
6804,134878.95
6805,350377.88
6806,207026.97
6807,237510.58
6808,231898.69
6809,215780.48
6810,196100.56
6811,1330227.9
6812,219715.14
6813,246780.31
6814,222879.1
6815,213386.6
6816,269359.03
6817,157820.23
6818,122893.54
6819,221701.9
6820,244996.72
6821,947017.6
6822,220757.12
6823,1290546.0
6824,1174557.9
6825,187552.25
6826,211541.92
6827,153819.19
6828,191690.0
6829,229624.03
6830,223186.88
6831,1681952.4
6832,208523.8
6833,245253.64
6834,247436.62
6835,295371.66
6836,188070.23
6837,386651.3
6838,253564.27
6839,136671.94
6840,157657.17
6841,1773443.8
6842,194621.44
6843,224140.56
6844,243100.58
6845,143439.05
6846,1742173.5
6847,123286.44
6848,880721.25
6849,172013.67
6850,262184.0
6851,260635.11
6852,195856.84
6853,243358.28
6854,2193943.2
6855,177318.69
6856,183386.94
6857,166985.48
6858,191223.69
6859,245340.2
6860,268149.78
6861,168866.72
6862,215932.4
6863,3339725.5
6864,170185.48
6865,128245.95
6866,373005.97
6867,317682.78
6868,3729885.5
6869,244959.81
6870,188394.8
6871,220957.44
6872,212042.62
6873,395005.97
6874,379068.62
6875,168121.44
6876,433324.4
6877,155868.25
6878,2419463.0
6879,226709.58
6880,233053.78
6881,140243.14
6882,647106.1
6883,2851001.0
6884,305775.72
6885,186174.7
6886,229173.6
6887,184669.16
6888,3916722.8
6889,184684.47
6890,218785.52
6891,407693.3
6892,277951.6
6893,238597.58
6894,186295.83
6895,151974.08
6896,1800959.2
6897,180372.34
6898,198485.39
6899,191450.31
6900,293547.72
6901,230388.27
6902,2136918.5
6903,275154.88
6904,2839496.0
6905,380366.88
6906,934251.75
6907,1977103.1
6908,223265.44
6909,232094.5
6910,203286.95
6911,199136.48
6912,235404.16
6913,502516.7
6914,1768038.2
6915,167206.98
6916,210727.03
6917,2076437.0
6918,274065.7
6919,193501.58
6920,375536.97
6921,3532132.5
6922,213300.52
6923,338076.8
6924,157701.98
6925,221214.23
6926,215605.84
6927,206998.53
6928,237066.12
6929,313571.4
6930,515018.2
6931,230711.69
6932,341264.66
6933,169098.94
6934,267773.62
6935,202045.72
6936,236357.52
6937,376596.06
6938,238725.27
6939,252029.28
6940,235142.98
6941,352211.78
6942,235114.73
6943,181536.53
6944,241782.2
6945,176088.84
6946,218156.1
6947,1327646.2
6948,1739139.0
6949,214935.95
6950,3213618.0
6951,205492.47
6952,200242.94
6953,176011.28
6954,166780.34
6955,279380.03
6956,222729.94
6957,162436.53
6958,142333.11
6959,181375.75
6960,339052.9
6961,199748.75
6962,528594.4
6963,240294.02
6964,1846474.2
6965,166195.1
6966,201351.89
6967,354797.22
6968,222189.36
6969,205260.19
6970,210649.08
6971,253888.27
6972,218615.11
6973,419837.0
6974,3202588.5
6975,333670.3
6976,191100.44
6977,209988.58
6978,257589.52
6979,234043.14
6980,219570.81
6981,214413.89
6982,1550353.2
6983,360774.78
6984,283701.2
6985,340689.75
6986,205229.45
6987,195473.38
6988,374393.38
6989,157405.53
6990,361673.9
6991,182998.03
6992,1870661.1
6993,153255.02
6994,166037.45
6995,232266.77
6996,229184.73
6997,150166.56
6998,285041.16
6999,222813.22
7000,131771.69
7001,277997.2
7002,699051.7
7003,175706.88
7004,261741.31
7005,243785.23
7006,146869.34
7007,1934636.4
7008,269986.06
7009,1636792.1
7010,203057.73
7011,319315.4
7012,194328.4
7013,176035.45
7014,121742.54
7015,414229.7
7016,2808366.8
7017,181433.02
7018,137520.08
7019,437041.75
7020,272551.3
7021,189345.11
7022,227243.6
7023,1044054.8
7024,1517288.6
7025,143856.34
7026,399194.78
7027,288785.9
7028,224688.44
7029,2111919.8
7030,166533.98
7031,265726.78
7032,1287997.1
7033,293431.84
7034,1444060.2
7035,2376355.2
7036,213949.6
7037,1496837.0
7038,243283.8
7039,189655.23
7040,218208.31
7041,3989941.8
7042,2616305.5
7043,227251.83
7044,255264.36
7045,206268.42
7046,1751126.8
7047,3400046.5
7048,1442344.0
7049,165777.66
7050,153106.89
7051,2165269.0
7052,266621.84
7053,210750.56
7054,1680333.0
7055,271825.8
7056,2868515.5
7057,1735988.9
7058,281707.44
7059,222827.88
7060,206300.1
7061,1783360.4
7062,960657.6
7063,243361.53
7064,2235331.8
7065,224540.64
7066,301892.12
7067,158590.92
7068,1114131.8
7069,174191.6
7070,2480313.8
7071,3096793.2
7072,118667.445
7073,278729.1
7074,213228.53
7075,222358.1
7076,315750.62
7077,1872037.0
7078,2226443.0
7079,291108.34
7080,172269.94
7081,193926.3
7082,149140.11
7083,160793.38
7084,1448688.1
7085,227030.44
7086,142839.38
7087,246138.17
7088,392087.5
7089,193797.25
7090,255788.3
7091,262326.06
7092,441448.1
7093,204301.28
7094,273555.97
7095,261274.45
7096,180215.38
7097,3493073.2
7098,861453.94
7099,328713.47
7100,246724.55
7101,140563.69
7102,204342.2
7103,162590.89
7104,201367.44
7105,221558.6
7106,221072.1
7107,157804.89
7108,203344.34
7109,365825.56
7110,173464.02
7111,219202.38
7112,1724964.8
7113,308418.6
7114,147896.53
7115,310787.16
7116,248754.98
7117,1759978.4
7118,200479.5
7119,2497162.8
7120,147572.9
7121,277611.2
7122,146516.53
7123,273436.5
7124,567035.75
7125,264692.06
7126,255096.2
7127,285834.66
7128,235872.48
7129,295905.94
7130,1225227.2
7131,1402003.8
7132,368148.4
7133,466569.97
7134,216720.5
7135,290694.72
7136,228799.06
7137,217663.36
7138,177977.06
7139,210479.8
7140,280918.7
7141,213124.23
7142,207456.84
7143,195004.9
7144,211598.4
7145,128860.3
7146,185097.97
7147,239967.45
7148,2431804.2
7149,623624.7
7150,179865.27
7151,227067.9
7152,235464.33
7153,358687.56
7154,264104.8
7155,257065.81
7156,192100.5
7157,3493669.5
7158,1548215.2
7159,241838.94
7160,1271204.5
7161,231248.08
7162,513242.25
7163,220562.47
7164,212466.7
7165,291085.88
7166,207895.14
7167,132835.47
7168,152035.11
7169,204288.23
7170,216798.62
7171,209610.42
7172,166895.84
7173,1854739.2
7174,195001.75
7175,128702.36
7176,150578.56
7177,471460.12
7178,220453.12
7179,1716931.0
7180,170580.5
7181,195955.12
7182,259684.61
7183,183517.44
7184,2883810.2
7185,259119.58
7186,212152.27
7187,247494.45
7188,353619.3
7189,571500.56
7190,129484.25
7191,135926.2
7192,202276.88
7193,497761.3
7194,2505803.5
7195,176485.62
7196,194690.5
7197,295966.88
7198,237483.17
7199,306468.22
7200,239570.72
7201,167363.5
7202,174397.55
7203,178218.92
7204,2208807.0
7205,298648.0
7206,2578265.0
7207,4331222.5
7208,177002.75
7209,167087.9
7210,198610.75
7211,124481.125
7212,670634.0
7213,257919.4
7214,3060046.0
7215,244521.48
7216,333695.78
7217,220538.7
7218,399364.62
7219,220404.77
7220,245008.17
7221,194827.39
7222,222154.62
7223,203970.53
7224,221246.73
7225,187384.72
7226,225117.62
7227,241752.7
7228,332852.88
7229,378668.3
7230,147611.75
7231,348602.06
7232,528651.8
7233,1634112.5
7234,1971142.5
7235,264042.88
7236,300114.94
7237,193085.34
7238,245723.75
7239,3341844.2
7240,205141.19
7241,2866120.2
7242,747064.1
7243,159540.23
7244,1661673.9
7245,147475.55
7246,155687.16
7247,1869788.9
7248,300763.34
7249,1397357.2
7250,171583.42
7251,242554.73
7252,254150.88
7253,212204.47
7254,210419.98
7255,179544.78
7256,306817.38
7257,239084.34
7258,283258.88
7259,369158.12
7260,171474.81
7261,3017510.0
7262,124219.75
7263,302079.03
7264,237674.4
7265,1583038.9
7266,291995.6
7267,202449.22
7268,232379.1
7269,1868092.1
7270,1947819.5
7271,182416.58
7272,285018.6
7273,142049.02
7274,171883.8
7275,200753.28
7276,240200.77
7277,2906955.0
7278,355842.94
7279,1005227.5
7280,231570.72
7281,2228561.0
7282,310060.66
7283,1773832.8
7284,174431.16
7285,277933.56
7286,1608337.8
7287,217044.61
7288,247775.25
7289,252983.61
7290,249514.34
7291,349812.28
7292,166656.16
7293,223979.88
7294,1425899.1
7295,239021.42
7296,175493.7
7297,2184762.8
7298,185822.78
7299,266309.78
7300,213019.58
7301,348916.03
7302,215152.11
7303,161148.92
7304,209092.33
7305,395702.75
7306,4181163.8
7307,185427.66
7308,350823.25
7309,155418.05
7310,327579.66
7311,210229.44
7312,326276.1
7313,279180.53
7314,174366.62
7315,277533.34
7316,172736.0
7317,215875.38
7318,378596.8
7319,176075.25
7320,279254.84
7321,171434.25
7322,182400.75
7323,242672.52
7324,228671.67
7325,3804281.8
7326,1699911.8
7327,201390.69
7328,184422.4
7329,1953884.6
7330,2785778.5
7331,379143.12
7332,278266.4
7333,318097.22
7334,169379.3
7335,2238502.0
7336,276148.6
7337,350201.5
7338,333330.3
7339,215082.36
7340,153532.81
7341,130387.48
7342,372864.44
7343,222120.94
7344,155677.66
7345,276040.38
7346,1933127.8
7347,240280.27
7348,225564.19
7349,439820.16
7350,194206.5
7351,226593.94
7352,149641.89
7353,282390.38
7354,125518.24
7355,238712.75
7356,198607.53
7357,253406.66
7358,2148808.0
7359,210235.66
7360,229540.4
7361,165110.56
7362,246415.56
7363,4218179.0
7364,122266.24
7365,362717.06
7366,427119.66
7367,1115022.5
7368,332311.12
7369,228756.95
7370,235859.44
7371,1678966.8
7372,236239.66
7373,517285.44
7374,814030.7
7375,255279.95
7376,135421.2
7377,206577.89
7378,252774.52
7379,223481.02
7380,339580.38
7381,344606.44
7382,168468.12
7383,164145.62
7384,228710.06
7385,204310.83
7386,346348.38
7387,1632885.0
7388,206446.72
7389,248782.27
7390,184550.5
7391,176398.45
7392,229963.94
7393,3204446.0
7394,210301.83
7395,2310965.2
7396,240830.62
7397,198748.69
7398,111052.81
